[
    {
        "valueKey": 1,
        "displayKey": "525300",
        "id": 1,
        "name": "525300"
      },
      {
        "valueKey": 2,
        "displayKey": "400838",
        "id": 2,
        "name": "400838"
      },
      {
        "valueKey": 3,
        "displayKey": "401350",
        "id": 3,
        "name": "401350"
      },
      {
        "valueKey": 4,
        "displayKey": "404599",
        "id": 4,
        "name": "404599"
      },
      {
        "valueKey": 5,
        "displayKey": "410677",
        "id": 5,
        "name": "410677"
      },
      {
        "valueKey": 6,
        "displayKey": "511356",
        "id": 6,
        "name": "511356"
      },
      {
        "valueKey": 7,
        "displayKey": "489547",
        "id": 7,
        "name": "489547"
      },
      {
        "valueKey": 8,
        "displayKey": "624357",
        "id": 8,
        "name": "624357"
      },
      {
        "valueKey": 9,
        "displayKey": "527066",
        "id": 9,
        "name": "527066"
      },
      {
        "valueKey": 10,
        "displayKey": "543171",
        "id": 10,
        "name": "543171"
      },
      {
        "valueKey": 11,
        "displayKey": "467342",
        "id": 11,
        "name": "467342"
      },
      {
        "valueKey": 12,
        "displayKey": "511557",
        "id": 12,
        "name": "511557"
      }, 
      {
        "valueKey": 13,
        "displayKey": "111111",
        "id": 13,
        "name": "111111"
      }, 
      {
        "valueKey": 14,
        "displayKey": "222222",
        "id": 14,
        "name": "222222"
      }, 
      {
        "valueKey": 15,
        "displayKey": "333333",
        "id": 15,
        "name": "333333"
      }, 
      {
        "valueKey": 16,
        "displayKey": "444444",
        "id": 16,
        "name": "444444"
      }, 
      {
        "valueKey": 17,
        "displayKey": "555555",
        "id": 17,
        "name": "555555"
      }, 
      {
        "valueKey": 18,
        "displayKey": "666666",
        "id": 18,
        "name": "666666"
      }, 
      {
        "valueKey": 19,
        "displayKey": "777777",
        "id": 19,
        "name": "777777"
      }, 
      {
        "valueKey": 20,
        "displayKey": "888888",
        "id": 20,
        "name": "888888"
      }, 
      {
        "valueKey": 21,
        "displayKey": "999999",
        "id": 21,
        "name": "999999"
      }, 
      {
        "valueKey": 22,
        "displayKey": "101010",
        "id": 22,
        "name": "101010"
      }, 
      {
        "valueKey": 23,
        "displayKey": "202020",
        "id": 23,
        "name": "202020"
      }, 
      {
        "valueKey": 24,
        "displayKey": "303030",
        "id": 24,
        "name": "303030"
      }, 
      {
        "valueKey": 25,
        "displayKey": "404040",
        "id": 25,
        "name": "404040"
      }, 
      {
        "valueKey": 26,
        "displayKey": "505050",
        "id": 26,
        "name": "505050"
      }, 
      {
        "valueKey": 27,
        "displayKey": "606060",
        "id": 27,
        "name": "606060"
      } 
]