[{
	"UserID"	:1,
	"Cardnum" : "XXXX1234",
    "CardID"  : 1,
	"CardType" : "CR",
	"BankName" : "HDFC",
	"BankID" : 1
},
{
	"UserID"	:1,
	"Cardnum" : "XXXX4536",
    "CardID"  : 2,
	"CardType" : "DB",
	"BankName" : "HDFC",
	"BankID" : 1
},
{
	"UserID"	:1,
	"Cardnum" : "XXXX1212",
    "CardID"  : 3,
	"CardType" : "CR",
	"BankName" : "CITI",
	"BankID" : 2
},
{
	"UserID"	:1,
	"Cardnum" : "XXXX1289",
    "CardID"  : 4,
	"CardType" : "CR",
	"BankName" : "CITI",
	"BankID" : 2
}]