[
    {
        "BankID":1,
        "BankName":"HDFC",
        "Offer":"sample descripton......",
        "LastDate":"9/31/2023",
        "Active":1
    },
    {
        "BankID":1,
        "BankName":"HDFC",
        "Offer":"test sample descripton......",
        "LastDate":"9/31/2023",
        "Active":1
    },
    {
        "BankID":2,
        "BankName":"CITI",
        "Offer":"sample descripton......",
        "LastDate":"9/31/2023",
        "Active":1
    },
    {
        "BankID":2,
        "BankName":"CITI",
        "Offer":"sample descripton......",
        "LastDate":"9/31/2023",
        "Active":1
    }
]