[
    {
        "TxnId":1,
        "Date":"9/1/2023",
        "Amt":2300,
        "Description":"Keyboard purchase.....",
        "Transtype" :"Online",
        "MerchantName": "PayTm",
        "MerchantGeoLocation": "",
        "MerchantCategory": ""
    },
    {
      "TxnId":2,
        "Date":"9/3/2023",
        "Amt":1500,
        "Description":"Mouse purchase.....",
        "Transtype" :"Online",
        "MerchantName": "PayTm",
        "MerchantGeoLocation": "",
        "MerchantCategory": ""
    },
    {
      "TxnId":3,
        "Date":"9/5/2023",
        "Amt":25300,
        "Description":"Mobile purchase.....",
        "Transtype" :"Online",
        "MerchantName": "Amzon",
        "MerchantGeoLocation": "",
        "MerchantCategory": ""
    },
    {
        "TxnId":4,
        "Date":"9/1/2023",
        "Amt":1300,
        "Description":"Medicine purchase.....",
        "Transtype" :"POS",
        "MerchantName": "MedAll",
        "MerchantGeoLocation": "",
        "MerchantCategory": "Health"
    },
    {
        "TxnId":5,
        "Date":"9/1/2023",
        "Amt":1300,
        "Description":"Medicine purchase.....",
        "Transtype" :"POS",
        "MerchantName": "MedAll",
        "MerchantGeoLocation": "",
        "MerchantCategory": "Health"
    },
    {
      "TxnId":6,
        "Date":"9/8/2023",
        "Amt":2100,
        "Description":"Grocery.....",
        "Transtype" :"POS",
        "MerchantName": "More",
        "MerchantGeoLocation": "",
        "MerchantCategory": "Grocery"
    },
    {
      "TxnId":7,
        "Date":"9/7/2023",
        "Amt":1300,
        "Description":"Grocery.....",
        "Transtype" :"POS",
        "MerchantName": "More",
        "MerchantGeoLocation": "",
        "MerchantCategory": "Grocery"
    },
    {
      "TxnId":8,
        "Date":"9/10/2023",
        "Amt":4500,
        "Description":"Grocery.....",
        "Transtype" :"POS",
        "MerchantName": "Reliance",
        "MerchantGeoLocation": "",
        "MerchantCategory": "Grocery"
    }
    ]
